<?xml version="1.0" encoding="UTF-8" standalone="yes"?>
<metadataSupplement>
    <tables>
        <table dataLocale="en_US" dataSources="ds62" resourceIdentifier="'cas-shared-default','Public','MALAWI_SAMPLING_DESIRED (1)_SHEET1','en_US'" tableModifiedTimeStamp="2023-03-05T05:20:26.884Z">
            <columns>
                <column dataType="string" label="Division" xref="Division"/>
                <column dataType="string" label="B" xref="B"/>
                <column dataType="string" label="C" xref="C"/>
                <column dataType="string" label="Desired" xref="Desired"/>
                <column dataType="string" label="E" xref="E"/>
                <column dataType="string" label="F" xref="F"/>
                <column dataType="string" label="Excluded" xref="Excluded"/>
                <column dataType="string" label="H" xref="H"/>
                <column dataType="string" label="I" xref="I"/>
                <column dataType="string" label="Defined" xref="Defined"/>
                <column dataType="string" label="K" xref="K"/>
            </columns>
        </table>
        <table dataLocale="en_US" dataSources="ds1850" resourceIdentifier="GeneratedResource-ge1266" tableModifiedTimeStamp="2023-03-05T05:20:26.884Z">
            <columns>
                <column dataType="double" format="BEST." label="Linear Predictor" xref="_PREDLOG_"/>
                <column dataType="double" format="$." label="Event Predicted" xref="_INTOLOG_"/>
                <column dataType="double" format="BEST." label="Residual" xref="_RESID_"/>
                <column dataType="double" format="BEST." label="Likelihood Displacement" xref="_LIKEDIST_"/>
                <column dataType="double" format="BEST." label="Pearson Residual" xref="_PEARSON_"/>
                <column dataType="double" format="BEST." label="Deviance Residual" xref="_DEVRESID_"/>
                <column dataType="double" format="BEST." label="Standardized Pearson Residual" xref="_STDRESCHI_"/>
                <column dataType="double" format="BEST." label="CBAR" xref="_CBAR_"/>
                <column dataType="double" format="BEST." label="Deviance Change" xref="_DIFDEV_"/>
                <column dataType="double" format="BEST." label="Pearson Change" xref="_DIFCHISQ_"/>
                <column dataType="double" format="BEST." label="Predicted Probability" xref="_ILINKLOG_"/>
                <column dataType="double" format="COMMA20." label="Model Fit Role column" xref="_FITROLE_"/>
            </columns>
        </table>
    </tables>
    <version>2</version>
</metadataSupplement>
