<?xml version="1.0" encoding="UTF-8" standalone="yes"?>
<reportPackage>
    <dataLevel>offline</dataLevel>
    <files>
        <file contentKey="OVTSQVWE2L3T3YXEGKZIMG63UVYKKEMM" name="report" type="report">
            <links>
                <link href="/report.xml" method="GET" rel="content" type="application/vnd.sas.report.content" uri="/report.xml"/>
            </links>
        </file>
        <file contentKey="BALQNJSDHUN5ZUYWVMHB64JSR4NNY2AX" name="basems1.css" type="css">
            <links>
                <link href="/css/basems1.css" method="GET" rel="content" type="text/css" uri="/css/basems1.css"/>
            </links>
        </file>
        <file contentKey="RPA2CEBOYCEL5MBCZQDAK7WWZEBPCK3Z" name="highcontrast.css" type="css">
            <links>
                <link href="/css/highcontrast.css" method="GET" rel="content" type="text/css" uri="/css/highcontrast.css"/>
            </links>
        </file>
        <file contentKey="GLLVIVYV25BAXSHJRF5SRZHK3P6DDEL5" name="ms1.css" type="css">
            <links>
                <link href="/css/ms1.css" method="GET" rel="content" type="text/css" uri="/css/ms1.css"/>
            </links>
        </file>
        <file contentKey="C7YD3NB5L3FDEO4VJLS7BSA7YLXVG22M" name="dd1798.csv" type="data">
            <links>
                <link href="/data/dd1798.csv" method="GET" rel="content" type="text/csv" uri="/data/dd1798.csv"/>
            </links>
        </file>
        <file contentKey="TR2YHDVPBAOAV2IQMCRXG6T5WLJOOT5K" name="dd1798index.csv" type="data">
            <links>
                <link href="/data/dd1798index.csv" method="GET" rel="content" type="text/csv" uri="/data/dd1798index.csv"/>
            </links>
        </file>
        <file contentKey="KVROBGVPVVWDGMLWOT4C24DSDSTP22UM" name="dd1806.csv" type="data">
            <links>
                <link href="/data/dd1806.csv" method="GET" rel="content" type="text/csv" uri="/data/dd1806.csv"/>
            </links>
        </file>
        <file contentKey="Q5CRJE35YIHNLMEM4UQZKKJ4IQABVBGG" name="dd1806index.csv" type="data">
            <links>
                <link href="/data/dd1806index.csv" method="GET" rel="content" type="text/csv" uri="/data/dd1806index.csv"/>
            </links>
        </file>
        <file contentKey="NRNMS4RKZQT7MQVNN6GD3O7KE4XLT6DV" name="dd1807.csv" type="data">
            <links>
                <link href="/data/dd1807.csv" method="GET" rel="content" type="text/csv" uri="/data/dd1807.csv"/>
            </links>
        </file>
        <file contentKey="GYYWXDMXX4KZRASO54DOH6FZ5RDYBK7L" name="dd1272.csv" type="data">
            <links>
                <link href="/data/dd1272.csv" method="GET" rel="content" type="text/csv" uri="/data/dd1272.csv"/>
            </links>
        </file>
        <file contentKey="GRBER44A2GMZIMQ5WEMKVL6YW4WOZJE3" name="metadataSupplement" type="resource">
            <links>
                <link href="/metadataSupplement.xml" method="GET" rel="content" type="application/vnd.sas.report.metadata.supplement" uri="/metadataSupplement.xml"/>
            </links>
        </file>
        <file contentKey="6UB52GJCHT6LTNEJSDXWZEFJTV2XS7VY" name="packageStatusReport.txt" type="status">
            <links>
                <link href="/packageStatusReport.txt" method="GET" rel="content" type="text/plain" uri="/packageStatusReport.txt"/>
            </links>
        </file>
        <file contentKey="6SWM6KH36F4MD7D7VPJ4DIMUL7ZGKM4G" name="index.html" type="html">
            <links>
                <link href="/index.html" method="GET" rel="content" type="text/html" uri="/index.html"/>
            </links>
        </file>
        <file contentKey="W6KUSFZ4IBNYZWFJO7BCYQLUWSUW4SA5" name="packageIndex.html" type="html">
            <links>
                <link href="/packageIndex.html" method="GET" rel="content" type="text/html" uri="/packageIndex.html"/>
            </links>
        </file>
        <file contentKey="L6J7CBN6O25UCU75LNXA5TQB6BGTALTS" name="viyafonts.css" type="css">
            <links>
                <link href="/css/viyafonts.css" method="GET" rel="content" type="text/css" uri="/css/viyafonts.css"/>
            </links>
        </file>
        <file contentKey="GWBEY45BDPJKVXB6NDWN3DRW54INU6VG" name="settings" type="resource">
            <links>
                <link href="/settings.json" method="GET" rel="content" type="application/vnd.sas.attributes" uri="/settings.json"/>
            </links>
        </file>
    </files>
    <formatLocale>en-US</formatLocale>
    <generatedTimeStamp>2023-03-05T05:54:12.127Z</generatedTimeStamp>
    <id>o_3ec8110b-21cc-43bb-b431-8ea4e10cb87e</id>
    <links>
        <link href="/reportPackages/packages/o_3ec8110b-21cc-43bb-b431-8ea4e10cb87e" method="GET" rel="self" type="application/vnd.sas.report.package" uri="/reportPackages/packages/o_3ec8110b-21cc-43bb-b431-8ea4e10cb87e"/>
        <link href="/reportData/results?reportContentKey=UQ74AG6ZW2EALFELPPTR73IEZDUFWDZY&amp;reportUri=%2Freports%2Freports%2F22fb2371-0447-45da-8efb-2d7ebacf88d2&amp;reportDate=2023-03-05T05%3A54%3A12.127Z" method="POST" rel="requery" responseType="application/vnd.sas.report.results" type="application/vnd.sas.report.query.state" uri="/reportData/results?reportContentKey=UQ74AG6ZW2EALFELPPTR73IEZDUFWDZY&amp;reportUri=%2Freports%2Freports%2F22fb2371-0447-45da-8efb-2d7ebacf88d2&amp;reportDate=2023-03-05T05%3A54%3A12.127Z"/>
        <link href="/reportData/jobs?reportContentKey=UQ74AG6ZW2EALFELPPTR73IEZDUFWDZY&amp;reportUri=%2Freports%2Freports%2F22fb2371-0447-45da-8efb-2d7ebacf88d2&amp;reportDate=2023-03-05T05%3A54%3A12.127Z" method="POST" rel="requeryJob" responseType="application/vnd.sas.report.data.job" type="application/vnd.sas.report.query.state" uri="/reportData/jobs?reportContentKey=UQ74AG6ZW2EALFELPPTR73IEZDUFWDZY&amp;reportUri=%2Freports%2Freports%2F22fb2371-0447-45da-8efb-2d7ebacf88d2&amp;reportDate=2023-03-05T05%3A54%3A12.127Z"/>
    </links>
    <locale>en-US</locale>
    <modifiedTimeStamp>2023-03-05T05:52:20.220Z</modifiedTimeStamp>
    <size>310670</size>
    <source>/reports/reports/22fb2371-0447-45da-8efb-2d7ebacf88d2</source>
    <version>23</version>
    <warnings>result,limitedInteractivity</warnings>
</reportPackage>
