<?xml version="1.0" encoding="UTF-8" standalone="yes"?>
<metadataSupplement>
    <tables>
        <table dataLocale="en_US" dataSources="ds7" resourceIdentifier="'cas-shared-default','Public','PRIMARY_EDUCATION_SHEET1_1','en_US'" tableModifiedTimeStamp="2023-03-04T21:06:57.117Z">
            <columns>
                <column dataType="string" label="Divisions_AdditionalInfo_Extraction" xref="Divisions_AdditionalInfo_Extraction"/>
                <column dataType="string" label="Divisions" xref="Divisions"/>
                <column dataType="string" label="Divisions_AdditionalInfo_Extraction_ID" xref="Divisions_AdditionalInfo_Extraction_ID"/>
                <column dataType="string" label="B" xref="B"/>
                <column dataType="double" format="BEST12." label="Schools" xref="Schools"/>
                <column dataType="double" format="BEST12." label="Classrooms" xref="Classrooms"/>
                <column dataType="string" label="E" xref="E"/>
                <column dataType="double" format="BEST12." label="Enrollment" xref="Enrollment"/>
                <column dataType="string" label="G" xref="G"/>
                <column dataType="double" format="BEST12." label="Total Teachers" xref="Total Teachers"/>
                <column dataType="string" label="I" xref="I"/>
                <column dataType="double" format="BEST12." label="Qualified Teachers(%)" xref="Qualified Teachers(%)"/>
                <column dataType="string" label="K" xref="K"/>
                <column dataType="string" label="L" xref="L"/>
                <column dataType="string" label="Pupil/Teacher ratio" xref="Pupil/Teacher ratio"/>
                <column dataType="string" label="N" xref="N"/>
                <column dataType="string" label="pupil/Teacher ratio_1" xref="pupil/Teacher ratio_1"/>
            </columns>
        </table>
    </tables>
    <version>2</version>
</metadataSupplement>
