<?xml version="1.0" encoding="UTF-8"?>
<SASReport xmlns="http://www.sas.com/sasreportmodel/bird-4.18.0" label="Report 1" implicitInteractions="reportPrompt sectionPrompt" createdLocale="en" createdVersion="4.18.0" dateCreated="2023-03-05T03:40:11Z" dateModified="2023-03-05T03:40:11Z" createdApplication="SAS Visual Analytics 2020" nextUniqueNameIndex="68">
	<Results>
		<Result ref="dd63" type="relational" status="success" dataLevel="baseline" label="Results" dataLocale="en_US" consumerDataModel="aggregated" supportsExportDetail="true" supportsCustomQuery="true" sortLocale="en_US" tableDateModified="2023-03-04T21:06:57.117Z">
			<Variables>
				<StringVariable label="pupil/Teacher ratio_1" ref="bi66" varname="bi66" column="c0"/>
				<NumericVariable format="BEST12." usage="quantitative" definedAggregation="sum" label="Enrollment" ref="bi46" varname="bi46" column="c1"/>
				<NumericVariable format="BEST12." usage="quantitative" definedAggregation="sum" label="Qualified Teachers(%)" ref="bi67" varname="bi67" column="c2"/>
			</Variables>
			<Columns>
				<StringColumn maxLength="1" colname="c0" encoding="text"/>
				<NumericColumn dataType="double" colname="c1" encoding="text"/>
				<NumericColumn dataType="double" colname="c2" encoding="text"/>
			</Columns>
			<DefinedColumnSortItems>
				<DefinedMeasureSortItem variable="bi67" sortDirection="descending"/>
				<DefinedSortItem variable="bi66" sortDirection="ascending"/>
			</DefinedColumnSortItems>
			<Data isIndexed="true" availableRowCount="9" contentKey="5LRR52BDANBPC6PRCDS5CUCY6PYAWAZI" size="126" format="CSV" rowCount="9" grandTotal="false" dataLayout="minimal"><![CDATA[0,410871.0,63.0
3,396606.0,60.0
5,389638.0,54.0
2,2905950.0,51.0
6,477464.0,47.0
1,722826.0,45.0
4,508545.0,45.0
-1,.,.
7,.,.
]]></Data>
			<StringTable contentKey="4N6GFYKXAUBUVJUUAJ5WXSZ5E4DPMYSO" size="183" format="CSV" rowCount="8"><![CDATA["7.9861111111111105E-2"
"8.1944444444444445E-2"
"8.4027777777777771E-2"
"8.4722222222222213E-2"
"8.5416666666666655E-2"
"8.6805555555555539E-2"
"8.8888888888888892E-2"
"all teachers"
]]></StringTable>
		</Result>
	</Results>
	<DataDefinitions>
		<ParentDataDefinition childQueryRelationship="independent" status="executable" dataSource="ds7" name="dd61">
			<BusinessItems>
				<RelationalDataItem name="bi46" base="bi14"/>
				<RelationalDataItem name="bi66" base="bi21"/>
				<RelationalDataItem name="bi67" base="bi22"/>
			</BusinessItems>
			<DataDefinition dataSource="ds7" type="multidimensional" name="dd62">
				<MultidimensionalQuery detail="false">
					<Axes>
						<Axis type="column">
							<BusinessItem ref="bi66"/>
						</Axis>
						<Axis type="row">
							<BusinessItem ref="bi46"/>
							<BusinessItem ref="bi67"/>
						</Axis>
					</Axes>
					<ColumnSortItems>
						<MeasureSortItem ref="bi67" sortDirection="descending"/>
						<SortItem ref="bi66" sortDirection="ascending"/>
					</ColumnSortItems>
				</MultidimensionalQuery>
				<ResultDefinitions>
					<ResultDefinition purpose="primary" maxRowsLookup="graphDefault" maxRowsBehavior="noData" name="dd63"/>
				</ResultDefinitions>
			</DataDefinition>
		</ParentDataDefinition>
	</DataDefinitions>
	<DataSources>
		<DataSource label="PRIMARY_EDUCATION_SHEET1_1" type="relational" name="ds7">
			<CasResource server="cas-shared-default" library="Public" table="PRIMARY_EDUCATION_SHEET1_1" locale="en_US"/>
			<BusinessItemFolder>
				<DataItem name="bi8" xref="B"/>
				<DataItem name="bi9" xref="Classrooms"/>
				<DataItem name="bi10" xref="Divisions"/>
				<DataItem name="bi11" xref="Divisions_AdditionalInfo_Extraction"/>
				<DataItem name="bi12" xref="Divisions_AdditionalInfo_Extraction_ID"/>
				<DataItem name="bi13" xref="E"/>
				<DataItem name="bi14" xref="Enrollment"/>
				<DataItem name="bi15" xref="G"/>
				<DataItem name="bi16" xref="I"/>
				<DataItem name="bi17" xref="K"/>
				<DataItem name="bi18" xref="L"/>
				<DataItem name="bi19" xref="N"/>
				<DataItem name="bi20" xref="Pupil/Teacher ratio"/>
				<DataItem name="bi21" xref="pupil/Teacher ratio_1"/>
				<DataItem name="bi22" xref="Qualified Teachers(%)"/>
				<DataItem name="bi23" xref="Schools"/>
				<DataItem name="bi24" xref="Total Teachers"/>
				<PredefinedDataItem calculation="totalCount" name="bi25" label="Frequency" usage="quantitative" format="COMMA12."/>
				<PredefinedDataItem calculation="totalCountPercent" name="bi26" label="Frequency Percent" usage="quantitative" format="PERCENT20.2"/>
			</BusinessItemFolder>
		</DataSource>
	</DataSources>
	<VisualElements>
		<Graph graphType="dualAxisBarLine" supplementalVisuals="ve65" resultDefinitions="dd63" name="ve28" data="dd61" label="Dual axis bar-line - pupil/Teacher ratio_1 1" applyDynamicBrushes="yes" sourceInteractionVariables="bi66">
			<EditorProperties>
				<Property key="isAutoLabel">true</Property>
			</EditorProperties>
			<Title auto="true"><P><DynamicSpan key="bird.autotitle.template.oneCommaTwoByThree.fmt.txt"><Substitutions><Substitution valueType="label" variables="bi22"/><Substitution valueType="label" variables="bi14"/><Substitution valueType="label" variables="bi21"/></Substitutions></DynamicSpan></P></Title>
<![CDATA[<StatGraph border="false" opaque="false" includeMissingDiscrete="true" selectionMode="multiple" missingValueDisplay="autolabel" displayOptionPolicy="union">
    <PadAttrs top="0px" bottom="0px" left="0px" right="0px"/>
    <Meta>
        <DynVars>
            <DynVar name="CATEGORY" description="CATEGORY_VAR" required="true" assignedType="character" type="character">
                <DefaultValues>
                    <Value>dd63.bi66</Value>
                </DefaultValues>
            </DynVar>
            <DynVar name="RESPONSE" description="BAR_MEASURE_VAR" required="true" assignedType="numeric" type="numeric">
                <DefaultValues>
                    <Value>dd63.bi67</Value>
                </DefaultValues>
            </DynVar>
            <DynVar name="RESPONSE2" description="LINE_MEASURE_VAR" required="true" assignedType="numeric" type="numeric" multiplesAllowed="false">
                <DefaultValues>
                    <Value>dd63.bi46</Value>
                </DefaultValues>
            </DynVar>
            <DynVar name="COLUMN" description="HORIZONTAL_SERIES_VAR" required="false" type="character" multiplesAllowed="true"/>
            <DynVar name="ROW" description="VERTICAL_SERIES_VAR" required="false" type="character" multiplesAllowed="true"/>
            <DynVar name="TIP" description="TIP_VAR" required="false" assignedType="numeric" type="any" multiplesAllowed="true">
                <DefaultValues>
                    <Value>dd63.bi46</Value>
                    <Value>dd63.bi66</Value>
                    <Value>dd63.bi67</Value>
                </DefaultValues>
            </DynVar>
            <DynVar name="KEY_FRAME" description="ANIMATION" required="false" type="time" multiplesAllowed="false"/>
            <DynVar name="HIDDEN" description="HIDDEN_VAR" required="false" type="character" multiplesAllowed="true"/>
        </DynVars>
    </Meta>
    <LayoutDataMatrix cellHeightMin="1px" cellWidthMin="1px" includeMissingClass="true" rowVars="ROW" columnVars="COLUMN">
        <LayoutPrototypeOverlay2D cycleAttrs="true" alignVerticalAxisTicks="true">
            <BarChartParm name="BarChart" tipListPolicy="replace" _stmt="barchart" compactLabelFormats="true" stat="none" tip="TIP" category="CATEGORY" responseVars="RESPONSE">
                <OutlineAttrs color="Outlines:line_color"/>
            </BarChartParm>
            <LineChart name="LineChart" tipListPolicy="replace" _stmt="linechart" compactLabelFormats="true" yAxis="y2" contributeOffsets="XMAX XMIN YMAX" display="NOMARKERS NOFILL" stat="none" fadeType="auto" tip="TIP" category="CATEGORY" responseVars="RESPONSE2"/>
            <XAxisOpts name="categoryAxis" offsetMin="0" offsetMax="0">
                <DiscreteOpts tickValueFitPolicy="staggertruncatedrop" sortOrder="data" tickValueAppearance="auto"/>
            </XAxisOpts>
            <YAxisOpts>
                <DiscreteOpts sortOrder="data"/>
                <LinearOpts>
                    <TickValueFormatOpts extractScale="true"/>
                </LinearOpts>
            </YAxisOpts>
            <Y2AxisOpts>
                <LinearOpts>
                    <TickValueFormatOpts extractScale="true"/>
                </LinearOpts>
            </Y2AxisOpts>
        </LayoutPrototypeOverlay2D>
    </LayoutDataMatrix>
    <LayoutGlobalLegend legendTitlePosition="top" allowCollapsed="true">
        <AutoLegend>
            <GraphNames>
                <Value>BarChart</Value>
                <Value>LineChart</Value>
            </GraphNames>
        </AutoLegend>
    </LayoutGlobalLegend>
    <Animation keyFrameSortOrder="ascending_unformatted" keyFrame="KEY_FRAME"/>
    <OverviewAxis maxPlotSize="60px" minPlotSize="35px" visible="off" axis="categoryAxis"/>
</StatGraph>
]]>
		</Graph>
		<Table columnSizing="autoFill" resultDefinitions="dd63" name="ve65" data="dd61" applyDynamicBrushes="yes" sourceInteractionVariables="bi66">
			<Columns>
				<Column variable="bi66"/>
				<Column variable="bi67"/>
				<Column variable="bi46"/>
			</Columns>
		</Table>
	</VisualElements>
	<View>
		<Section name="vi6" label="Page 1">
			<Body>
				<MediaContainer target="mt2">
					<ResponsiveLayout orientation="vertical" overflow="fit">
						<Weights mediaTarget="mt5" unit="percent">
							<Weight value="100%"/>
						</Weights>
						<Weights mediaTarget="mt4" unit="percent">
							<Weight value="100%"/>
						</Weights>
						<Weights mediaTarget="mt3" unit="percent">
							<Weight value="100%"/>
						</Weights>
					</ResponsiveLayout>
					<Visual ref="ve28" name="vi27">
						<ResponsiveConstraint>
							<WidthConstraint>
								<Width mediaTarget="mt3" preferredSizeBehavior="ignore" flexibility="flexible"/>
							</WidthConstraint>
							<HeightConstraint>
								<Height mediaTarget="mt3" preferredSizeBehavior="ignore" flexibility="flexible"/>
							</HeightConstraint>
						</ResponsiveConstraint>
					</Visual>
				</MediaContainer>
			</Body>
		</Section>
	</View>
	<MediaSchemes>
		<MediaScheme name="ms1">
			<BaseStylesheetResource file="basems1.css" theme="opal"/>
			<Stylesheet><![CDATA[]]></Stylesheet>
		</MediaScheme>
	</MediaSchemes>
	<MediaTargets>
		<MediaTarget windowSize="default" scheme="ms1" name="mt2"/>
		<MediaTarget windowSize="small" scheme="ms1" name="mt3"/>
		<MediaTarget windowSize="medium" scheme="ms1" name="mt4"/>
		<MediaTarget windowSize="large" scheme="ms1" name="mt5"/>
	</MediaTargets>
	<Properties>
		<Property key="displayDataSource">ds7</Property>
		<Property key="ReportPackagesServiceVersion">2020.1.4</Property>
		<Property key="ReportDataServiceVersion">2020.1.4</Property>
	</Properties>
	<ExportProperties>
		<Export destination="pdf">
			<Property key="showCoverPage" value="true"></Property>
			<Property key="showPageNumbers" value="true"></Property>
		</Export>
	</ExportProperties>
	<SASReportState>
		<View/>
	</SASReportState>
</SASReport>
