<?xml version="1.0" encoding="UTF-8" standalone="yes"?>
<reportPackage>
    <dataLevel>offline</dataLevel>
    <files>
        <file contentKey="X6CIYPU3N3M3SYXW3XYVVZ2QO5R5MQYF" name="report" type="report">
            <links>
                <link href="/report.xml" method="GET" rel="content" type="application/vnd.sas.report.content" uri="/report.xml"/>
            </links>
        </file>
        <file contentKey="BALQNJSDHUN5ZUYWVMHB64JSR4NNY2AX" name="basems1.css" type="css">
            <links>
                <link href="/css/basems1.css" method="GET" rel="content" type="text/css" uri="/css/basems1.css"/>
            </links>
        </file>
        <file contentKey="RPA2CEBOYCEL5MBCZQDAK7WWZEBPCK3Z" name="highcontrast.css" type="css">
            <links>
                <link href="/css/highcontrast.css" method="GET" rel="content" type="text/css" uri="/css/highcontrast.css"/>
            </links>
        </file>
        <file contentKey="AKWLLZJ5UZKIFNH2BG6M7445K5R2VLA7" name="metadataSupplement" type="resource">
            <links>
                <link href="/metadataSupplement.xml" method="GET" rel="content" type="application/vnd.sas.report.metadata.supplement" uri="/metadataSupplement.xml"/>
            </links>
        </file>
        <file contentKey="6SWM6KH36F4MD7D7VPJ4DIMUL7ZGKM4G" name="index.html" type="html">
            <links>
                <link href="/index.html" method="GET" rel="content" type="text/html" uri="/index.html"/>
            </links>
        </file>
        <file contentKey="2TUKVLMGQQESOZIZQ3PEXVZZOCT4BDA3" name="packageIndex.html" type="html">
            <links>
                <link href="/packageIndex.html" method="GET" rel="content" type="text/html" uri="/packageIndex.html"/>
            </links>
        </file>
        <file contentKey="7RW4FLIAWCQ6Q5MJUHWR5FOKMLUTJWN2" name="viyafonts.css" type="css">
            <links>
                <link href="/css/viyafonts.css" method="GET" rel="content" type="text/css" uri="/css/viyafonts.css"/>
            </links>
        </file>
        <file contentKey="GWBEY45BDPJKVXB6NDWN3DRW54INU6VG" name="settings" type="resource">
            <links>
                <link href="/settings.json" method="GET" rel="content" type="application/vnd.sas.attributes" uri="/settings.json"/>
            </links>
        </file>
    </files>
    <formatLocale>en-US</formatLocale>
    <generatedTimeStamp>2023-03-05T03:40:10.680Z</generatedTimeStamp>
    <id>o_50e6e781-2ba1-449c-964f-712136d13f67</id>
    <links>
        <link href="/reportPackages/packages/o_50e6e781-2ba1-449c-964f-712136d13f67" method="GET" rel="self" type="application/vnd.sas.report.package" uri="/reportPackages/packages/o_50e6e781-2ba1-449c-964f-712136d13f67"/>
        <link href="/reportData/results?reportContentKey=P4RHWBX6I3BZY2DDHCUY6MQJSHKDJ67H" method="POST" rel="requery" responseType="application/vnd.sas.report.results" type="application/vnd.sas.report.query.state" uri="/reportData/results?reportContentKey=P4RHWBX6I3BZY2DDHCUY6MQJSHKDJ67H"/>
        <link href="/reportData/jobs?reportContentKey=P4RHWBX6I3BZY2DDHCUY6MQJSHKDJ67H" method="POST" rel="requeryJob" responseType="application/vnd.sas.report.data.job" type="application/vnd.sas.report.query.state" uri="/reportData/jobs?reportContentKey=P4RHWBX6I3BZY2DDHCUY6MQJSHKDJ67H"/>
    </links>
    <locale>en-US</locale>
    <modifiedTimeStamp>2023-03-04T21:06:57.117Z</modifiedTimeStamp>
    <size>94040</size>
    <source>JSON:custom</source>
    <version>23</version>
</reportPackage>
